<?xml version="1.0" encoding="UTF-8"?>
<project-private xmlns="http://www.netbeans.org/ns/project-private/1">
    <editor-bookmarks xmlns="http://www.netbeans.org/ns/editor-bookmarks/2" lastBookmarkId="0"/>
    <open-files xmlns="http://www.netbeans.org/ns/projectui-open-files/2">
        <group>
            <file>file:/D:/Documentos/NetBeansProjects/senai-final/Projeto/src/java/conexao/Conexao.java</file>
            <file>file:/D:/Documentos/NetBeansProjects/senai-final/Projeto/src/java/controller/SearchController.java</file>
            <file>file:/D:/Documentos/NetBeansProjects/senai-final/Projeto/src/java/controller/HomeController.java</file>
            <file>file:/D:/Documentos/NetBeansProjects/senai-final/Projeto/src/java/model/dao/CarrinhoDAO.java</file>
            <file>file:/D:/Documentos/NetBeansProjects/senai-final/Projeto/src/java/controller/AdminController.java</file>
            <file>file:/D:/Documentos/NetBeansProjects/senai-final/Projeto/src/java/model/dao/ProdutoDAO.java</file>
        </group>
    </open-files>
</project-private>
